temperature,tau_s
932,0.005933
958,0.004188
968,0.002987
974,0.001657
992,0.00112
1022,0.000824
1047,0.000655
1170,0.000286
1353,0.000127
1653,0.000059
1954,0.000041