temperature,tau_s
1060,0.003342
1086,0.002312
1120,0.001349
1140,0.00096
1165,0.000484
1199,0.000234
1212,0.000135
1223,0.000089
1242,0.000033
1243,0.000046