Time,H2
0.014049147,0.00973262
0.019473719,0.009679144
0.026283162,0.000481283
0.034769027,0.000213904
0.045824563,0.000427807