Time,O2
0.01394279,0.005026738
0.019366619,0.005080214
0.026351959,0.000588235
0.045755766,0.000320856