Time,H2O
0.019468513,0.000427807
0.026285022,0.010213904
0.034700602,0.010053476
0.04575651,0.010213904