temperature,tau_s
980.5383096,0.004120031
1002.118074,0.001576232
1004.279264,0.002272481
1023.862093,0.000885876
1073.684414,0.000227016