temperature,tau_s
985.4158455,0.000614512
989.3153937,0.000441734