Time,HCO_mol/cm^3
1.75E-07,4.02E-09
1.14383E-06,3.69E-09
1.47771E-06,3.24E-09
2.00904E-06,2.61E-09
2.66471E-06,2.09E-09
3.51207E-06,1.57E-09
4.35541E-06,1.17E-09
5.5142E-06,9.01E-10
6.99306E-06,6.13E-10
8.97965E-06,4.32E-10
1.07734E-05,2.88E-10
1.25009E-05,2.16E-10
1.48024E-05,1.80E-10
1.66583E-05,9.01E-11