Time,CH2O
9.6247E-06,0.039649087
1.91403E-05,0.040100934
2.9671E-05,0.039824337
3.90696E-05,0.039619079
4.97132E-05,0.039269654
5.9678E-05,0.039065223
6.93023E-05,0.038714309
7.96106E-05,0.039167314
8.98033E-05,0.039182194
9.88621E-05,0.03897644