Time,O_mol/cm^3
8.40E-05,	6.86E-13
0.000122311,	8.24E-13
0.000179788,	1.10E-12
0.000263617,	1.51E-12
0.000347643,	2.20E-12
0.000405316,	2.75E-12
0.000453377,	3.20E-12
0.000530275,	3.94E-12
0.000578402,	4.48E-12
0.000633754,	5.12E-12
0.000677107,	5.67E-12
0.000732296,	6.08E-12
0.000770941,	6.72E-12
0.00081449,	7.54E-12
0.0008652,	8.36E-12
0.000923233,	9.41E-12
0.000971458,	1.01E-11