Time,H2
0.104395604,0.009189873
0.131868132,0.00871519
0.175824176,0.008202532
0.233516484,0.007537975
0.307692308,0.006987342
0.381868132,0.006417722
0.467032967,0.005544304
0.554945055,0.004632911
0.637362637,0.00356962
0.71978022,0.002905063
0.81043956,0.00214557
0.884615385,0.002012658
0.96978022,0.001879747
1.054945055,0.001860759
1.131868132,0.001651899
1.222527473,0.001424051
1.296703297,0.00121519
1.39010989,0.001006329
1.46978022,0.000987342
