Time,H2O
0.245059791,0.002878804
0.287228811,0.002879722
0.335434271,0.002913424
0.40772402,0.002914998
0.446893262,0.002948504
0.516183232,0.002982665
0.561364326,0.002983649
0.627666811,0.003083051
0.690908048,0.003051775
0.745137654,0.003085608
0.802367038,0.003086854
0.85658435,0.003088034
0.916825808,0.003089346
0.97104312,0.003090526
1.022248359,0.003091641