Time,H2O
0.203749101,0.004745342
0.249272219,0.004726708
0.317636451,0.004782609
0.385912289,0.004745342
0.445755301,0.004819876
0.522605396,0.004819876
0.588105649,0.004857143
0.650706566,0.004838509
0.707703278,0.004913043
0.790299009,0.004968944
0.852935284,0.004987578
0.9183825,0.004968944
0.989593032,0.005024845
1.055110964,0.005080745
1.126250781,0.005062112