Time,H2O
0.23449738,0.00500181
0.284835636,0.005059133
0.346979514,0.005077656
0.421000476,0.005153997
0.480200095,0.005191882
0.542329681,0.005191081
0.616236303,0.005112835
0.684254407,0.005073311
0.740466889,0.005072587
0.817403525,0.005090919
0.882463078,0.005051434
0.950552644,0.005108528
1.00383516,0.005146489
1.083773225,0.005222754
1.148918533,0.005299209