Time,OH_mol/cm^3
7.92586E-05,1.9643E-12
0.000187118,3.29722E-12
0.000281026,4.20922E-12
0.00040782,5.40183E-12
0.000520562,6.38398E-12