temperature,tau_s
1037.344398,0.000196746
1066.098081,8.76E-05