temperature,tau_s
939,0.005051
967,0.002547
1022,0.001193