temperature,tau_s
1083.949084,0.000554083
1087.362829,0.000659646