Temperature,CO_ppm,W
600,10,1.00E-10
625,10,1.00E-10
650,10,1.00E-10
675,10,1.00E-10
700,10,1.00E-10
725,1476.292181,0.353553391
750,1538.942446,0.353553391
775,1214.284603,0.353553391
800,1071.49304,0.353553391
825,1039.31203,0.353553391
850,943.8427363,0.353553391
875,887.930565,0.353553391
900,800.4131556,0.353553391