Time,CO_mol/cm^3
3.13433E-05,1.23E-08
5.07463E-05,1.62E-08
0.000104478,2.13E-08
0.000156716,2.43E-08