Time,CH2O
2.45922E-05,0.012634949
4.509E-05,0.007686901
9.50648E-05,0.001580958
0.000146106,0.000344705