Time,CH2O
9.96109E-06,0.039564428
2.00297E-05,0.03862069
3.00991E-05,0.037749546
4.06207E-05,0.036805808
5.01066E-05,0.034410163
6.01604E-05,0.03215971
6.98769E-05,0.030127042
7.97206E-05,0.029328494
9.03464E-05,0.027586207
9.92693E-05,0.025480944