Time,OH_ppm
"0.000004327410406121022,",12.77465509
"0.000005409263007651277,",12.47771403
"0.000006274176689960495,",12.27972174
"0.000009300427246517769,",11.652683
"0.000011031675608423667,",11.15779701
"0.00001189943128530783,",10.7620019
"0.000013414214393755195,",10.33309755
"0.000015363349006407116,",9.673328512
"0.000018172660643743353,",9.145238554
"0.000022708483985360564,",8.451933977
"0.00002487361018570855,",7.759150433
"0.00002725188597917765,",7.231155208
"0.000029630635438409234,",6.670192845
"0.00003653857691858317,",5.877465825
"0.00004042642549711222,",5.283204759
"0.000044961301507204435,",4.655834457
"0.00004711979638687754,",4.424590832
"0.000050141310285809924,",4.127223466
"0.00005488886222326077,",3.697608619
"0.00005963594049494911,",3.30096091
"0.00006438301876663748,",2.9043132
"0.00006891315811910479,",2.606614269
"0.00007236476053037929,",2.375086444
"0.00007754097998288487,",2.11021255
"0.00008357974478888716,",1.812182052
"0.00008832398106600056,",1.613337165
"0.00009738047044483529,",1.281676398
"0.00010212233839313625,",1.247667196
"0.00011053037934312027,",1.048017077
"0.00011764436542997794,",0.914585432
"0.00012367981457564282,",0.847324894
"0.00013014677323093727,",0.747002485
"0.00013402704315726647,",0.680215613
"0.00014027848389062738,",0.579940571
"0.00014609746778283366,",0.578661673