Time,OH_ppm
"0.000001649484536082478,",16.15482234
"0.0000022385861561119305,",15.31725888
"0.0000030633284241531695,",14.59390863
"0.0000037702503681885085,",13.79441624
"0.0000057731958762886594,",12.46192893
"0.0000065979381443298984,",11.35786802
"0.000007540500736377024,",10.67258883
"0.00000824742268041237,",9.720812183
"0.000009896907216494841,",9.073604061
"0.000011192930780559646,",8.197969543
"0.000012606774668630338,",7.284263959
"0.000014374079528718702,",6.52284264
"0.000015905743740795287,",5.875634518
"0.000018026509572901324,",4.923857868
"0.000020500736377025027,",4.42893401
"0.000022385861561119292,",3.819796954
"0.000024388807069219436,",3.362944162
"0.000027452135493372606,",2.906091371
"0.00002945508100147275,",2.373096447
"0.00003287187039764359,",1.916243655
"0.00003581737849779087,",1.611675127
"0.00003852724594992636,",1.383248731
"0.00004253313696612666,",1.040609137
"0.00004571428571428571,",0.850253807
"0.00004877761413843888,",0.774111675
"0.00005384388807069219,",0.507614213
"0.00005737849779086892,",0.431472081
"0.00006209131075110455,",0.393401015
"0.00006480117820324005,",0.431472081
"0.00006880706921944034,",0.431472081
"0.0000722238586156112,",0.469543147
"0.0000744624447717231,",0.469543147
"0.00007787923416789397,",0.507614213