Time,O_mol/cm^3
3.12033E-05,7.19232E-13
7.47458E-05,1.48303E-12
0.00011216,2.3371E-12
0.000162019,3.41583E-12
0.000202539,4.31482E-12
0.00025244,5.4836E-12
0.000290042,6.74289E-12
0.000330772,8.09212E-12
0.000390052,9.5307E-12
0.000458754,1.13291E-11
0.000551945,1.27214E-11
0.000632673,1.3844E-11
0.00073195,1.5056E-11
0.000855676,1.57717E-11
0.001044433,1.70253E-11