Time,H2O
0.277777778,0.002601517
0.336419753,0.002623953
0.413580247,0.002606971
0.484567901,0.002609822
0.561728395,0.002612921
0.638888889,0.0026361
0.719135802,0.002699564
0.793209877,0.002662378
0.867283951,0.002705513
0.950617284,0.002809262
1.030864198,0.002732163
1.098765432,0.00275497
1.172839506,0.002798106
1.259259259,0.002861818
1.339506173,0.002784719