Time,OH_mol/cm^3
7.9624E-05,1.19261E-12
0.000206318,2.59568E-12
0.000276508,3.7883E-12
0.000389018,5.26152E-12
0.000463925,6.45413E-12
0.000665626,8.83936E-12
0.000801621,1.0523E-11
0.000904763,1.1856E-11